save_name,label,cls_name,bboxes
crazing_0.jpg,0,crazing,
crazing_1.jpg,0,crazing,
crazing_2.jpg,0,crazing,
crazing_3.jpg,0,crazing,
crazing_4.jpg,0,crazing,
crazing_5.jpg,0,crazing,
crazing_6.jpg,0,crazing,
crazing_7.jpg,0,crazing,
crazing_8.jpg,0,crazing,
crazing_9.jpg,0,crazing,
crazing_10.jpg,0,crazing,
crazing_11.jpg,0,crazing,
crazing_12.jpg,0,crazing,
crazing_13.jpg,0,crazing,
crazing_14.jpg,0,crazing,
crazing_15.jpg,0,crazing,
crazing_16.jpg,0,crazing,
crazing_17.jpg,0,crazing,
crazing_18.jpg,0,crazing,
crazing_19.jpg,0,crazing,
crazing_20.jpg,0,crazing,
crazing_21.jpg,0,crazing,
crazing_22.jpg,0,crazing,
crazing_23.jpg,0,crazing,
crazing_24.jpg,0,crazing,
crazing_25.jpg,0,crazing,
crazing_26.jpg,0,crazing,
crazing_27.jpg,0,crazing,
crazing_28.jpg,0,crazing,
crazing_29.jpg,0,crazing,
crazing_30.jpg,0,crazing,
crazing_31.jpg,0,crazing,
crazing_32.jpg,0,crazing,
crazing_33.jpg,0,crazing,
crazing_34.jpg,0,crazing,
crazing_35.jpg,0,crazing,
crazing_36.jpg,0,crazing,
crazing_37.jpg,0,crazing,
crazing_38.jpg,0,crazing,
crazing_39.jpg,0,crazing,
crazing_40.jpg,0,crazing,
crazing_41.jpg,0,crazing,
crazing_42.jpg,0,crazing,
crazing_43.jpg,0,crazing,
crazing_44.jpg,0,crazing,
crazing_45.jpg,0,crazing,
crazing_46.jpg,0,crazing,
crazing_47.jpg,0,crazing,
crazing_48.jpg,0,crazing,
crazing_49.jpg,0,crazing,
crazing_50.jpg,0,crazing,
crazing_51.jpg,0,crazing,
crazing_52.jpg,0,crazing,
crazing_53.jpg,0,crazing,
crazing_54.jpg,0,crazing,
crazing_55.jpg,0,crazing,
crazing_56.jpg,0,crazing,
crazing_57.jpg,0,crazing,
crazing_58.jpg,0,crazing,
crazing_59.jpg,0,crazing,
crazing_60.jpg,0,crazing,
crazing_61.jpg,0,crazing,
crazing_62.jpg,0,crazing,
crazing_63.jpg,0,crazing,
crazing_64.jpg,0,crazing,
crazing_65.jpg,0,crazing,
crazing_66.jpg,0,crazing,
crazing_67.jpg,0,crazing,
crazing_68.jpg,0,crazing,
crazing_69.jpg,0,crazing,
crazing_70.jpg,0,crazing,
crazing_71.jpg,0,crazing,
crazing_72.jpg,0,crazing,
crazing_73.jpg,0,crazing,
crazing_74.jpg,0,crazing,
crazing_75.jpg,0,crazing,
crazing_76.jpg,0,crazing,
crazing_77.jpg,0,crazing,
crazing_78.jpg,0,crazing,
crazing_79.jpg,0,crazing,
crazing_80.jpg,0,crazing,
crazing_81.jpg,0,crazing,
crazing_82.jpg,0,crazing,
crazing_83.jpg,0,crazing,
crazing_84.jpg,0,crazing,
crazing_85.jpg,0,crazing,
crazing_86.jpg,0,crazing,
crazing_87.jpg,0,crazing,
crazing_88.jpg,0,crazing,
crazing_89.jpg,0,crazing,
crazing_90.jpg,0,crazing,
crazing_91.jpg,0,crazing,
crazing_92.jpg,0,crazing,
crazing_93.jpg,0,crazing,
crazing_94.jpg,0,crazing,
crazing_95.jpg,0,crazing,
crazing_96.jpg,0,crazing,
crazing_97.jpg,0,crazing,
crazing_98.jpg,0,crazing,
crazing_99.jpg,0,crazing,
crazing_100.jpg,0,crazing,
crazing_101.jpg,0,crazing,
crazing_102.jpg,0,crazing,
crazing_103.jpg,0,crazing,
crazing_104.jpg,0,crazing,
crazing_105.jpg,0,crazing,
crazing_106.jpg,0,crazing,
crazing_107.jpg,0,crazing,
crazing_108.jpg,0,crazing,
crazing_109.jpg,0,crazing,
crazing_110.jpg,0,crazing,
crazing_111.jpg,0,crazing,
crazing_112.jpg,0,crazing,
crazing_113.jpg,0,crazing,
crazing_114.jpg,0,crazing,
crazing_115.jpg,0,crazing,
crazing_116.jpg,0,crazing,
crazing_117.jpg,0,crazing,
crazing_118.jpg,0,crazing,
crazing_119.jpg,0,crazing,
crazing_120.jpg,0,crazing,
crazing_121.jpg,0,crazing,
crazing_122.jpg,0,crazing,
crazing_123.jpg,0,crazing,
crazing_124.jpg,0,crazing,
crazing_125.jpg,0,crazing,
crazing_126.jpg,0,crazing,
crazing_127.jpg,0,crazing,
crazing_128.jpg,0,crazing,
crazing_129.jpg,0,crazing,
crazing_130.jpg,0,crazing,
crazing_131.jpg,0,crazing,
crazing_132.jpg,0,crazing,
crazing_133.jpg,0,crazing,
crazing_134.jpg,0,crazing,
crazing_135.jpg,0,crazing,
crazing_136.jpg,0,crazing,
crazing_137.jpg,0,crazing,
crazing_138.jpg,0,crazing,
crazing_139.jpg,0,crazing,
crazing_140.jpg,0,crazing,
crazing_141.jpg,0,crazing,
crazing_142.jpg,0,crazing,
crazing_143.jpg,0,crazing,
crazing_144.jpg,0,crazing,
crazing_145.jpg,0,crazing,
crazing_146.jpg,0,crazing,
crazing_147.jpg,0,crazing,
crazing_148.jpg,0,crazing,
crazing_149.jpg,0,crazing,
crazing_150.jpg,0,crazing,
crazing_151.jpg,0,crazing,
crazing_152.jpg,0,crazing,
crazing_153.jpg,0,crazing,
crazing_154.jpg,0,crazing,
crazing_155.jpg,0,crazing,
crazing_156.jpg,0,crazing,
crazing_157.jpg,0,crazing,
crazing_158.jpg,0,crazing,
crazing_159.jpg,0,crazing,
crazing_160.jpg,0,crazing,
crazing_161.jpg,0,crazing,
crazing_162.jpg,0,crazing,
crazing_163.jpg,0,crazing,
crazing_164.jpg,0,crazing,
crazing_165.jpg,0,crazing,
crazing_166.jpg,0,crazing,
crazing_167.jpg,0,crazing,
crazing_168.jpg,0,crazing,
crazing_169.jpg,0,crazing,
crazing_170.jpg,0,crazing,
crazing_171.jpg,0,crazing,
crazing_172.jpg,0,crazing,
crazing_173.jpg,0,crazing,
crazing_174.jpg,0,crazing,
crazing_175.jpg,0,crazing,
crazing_176.jpg,0,crazing,
crazing_177.jpg,0,crazing,
crazing_178.jpg,0,crazing,
crazing_179.jpg,0,crazing,
crazing_180.jpg,0,crazing,
crazing_181.jpg,0,crazing,
crazing_182.jpg,0,crazing,
crazing_183.jpg,0,crazing,
crazing_184.jpg,0,crazing,
crazing_185.jpg,0,crazing,
crazing_186.jpg,0,crazing,
crazing_187.jpg,0,crazing,
crazing_188.jpg,0,crazing,
crazing_189.jpg,0,crazing,
crazing_190.jpg,0,crazing,
crazing_191.jpg,0,crazing,
crazing_192.jpg,0,crazing,
crazing_193.jpg,0,crazing,
crazing_194.jpg,0,crazing,
crazing_195.jpg,0,crazing,
crazing_196.jpg,0,crazing,
crazing_197.jpg,0,crazing,
crazing_198.jpg,0,crazing,
crazing_199.jpg,0,crazing,
crazing_200.jpg,0,crazing,
crazing_201.jpg,0,crazing,
crazing_202.jpg,0,crazing,
crazing_203.jpg,0,crazing,
crazing_204.jpg,0,crazing,
crazing_205.jpg,0,crazing,
crazing_206.jpg,0,crazing,
crazing_207.jpg,0,crazing,
crazing_208.jpg,0,crazing,
crazing_209.jpg,0,crazing,
crazing_210.jpg,0,crazing,
crazing_211.jpg,0,crazing,
crazing_212.jpg,0,crazing,
crazing_213.jpg,0,crazing,
crazing_214.jpg,0,crazing,
crazing_215.jpg,0,crazing,
crazing_216.jpg,0,crazing,
crazing_217.jpg,0,crazing,
crazing_218.jpg,0,crazing,
crazing_219.jpg,0,crazing,
crazing_220.jpg,0,crazing,
crazing_221.jpg,0,crazing,
crazing_222.jpg,0,crazing,
crazing_223.jpg,0,crazing,
crazing_224.jpg,0,crazing,
crazing_225.jpg,0,crazing,
crazing_226.jpg,0,crazing,
crazing_227.jpg,0,crazing,
crazing_228.jpg,0,crazing,
crazing_229.jpg,0,crazing,
crazing_230.jpg,0,crazing,
crazing_231.jpg,0,crazing,
crazing_232.jpg,0,crazing,
crazing_233.jpg,0,crazing,
crazing_234.jpg,0,crazing,
crazing_235.jpg,0,crazing,
crazing_236.jpg,0,crazing,
crazing_237.jpg,0,crazing,
crazing_238.jpg,0,crazing,
crazing_239.jpg,0,crazing,
crazing_240.jpg,0,crazing,
crazing_241.jpg,0,crazing,
crazing_242.jpg,0,crazing,
crazing_243.jpg,0,crazing,
crazing_244.jpg,0,crazing,
crazing_245.jpg,0,crazing,
crazing_246.jpg,0,crazing,
crazing_247.jpg,0,crazing,
crazing_248.jpg,0,crazing,
crazing_249.jpg,0,crazing,
crazing_250.jpg,0,crazing,
crazing_251.jpg,0,crazing,
crazing_252.jpg,0,crazing,
crazing_253.jpg,0,crazing,
crazing_254.jpg,0,crazing,
crazing_255.jpg,0,crazing,
crazing_256.jpg,0,crazing,
crazing_257.jpg,0,crazing,
crazing_258.jpg,0,crazing,
crazing_259.jpg,0,crazing,
crazing_260.jpg,0,crazing,
crazing_261.jpg,0,crazing,
crazing_262.jpg,0,crazing,
crazing_263.jpg,0,crazing,
crazing_264.jpg,0,crazing,
crazing_265.jpg,0,crazing,
crazing_266.jpg,0,crazing,
crazing_267.jpg,0,crazing,
crazing_268.jpg,0,crazing,
crazing_269.jpg,0,crazing,
crazing_270.jpg,0,crazing,
crazing_271.jpg,0,crazing,
crazing_272.jpg,0,crazing,
crazing_273.jpg,0,crazing,
crazing_274.jpg,0,crazing,
crazing_275.jpg,0,crazing,
crazing_276.jpg,0,crazing,
crazing_277.jpg,0,crazing,
crazing_278.jpg,0,crazing,
crazing_279.jpg,0,crazing,
crazing_280.jpg,0,crazing,
crazing_281.jpg,0,crazing,
crazing_282.jpg,0,crazing,
crazing_283.jpg,0,crazing,
crazing_284.jpg,0,crazing,
crazing_285.jpg,0,crazing,
crazing_286.jpg,0,crazing,
crazing_287.jpg,0,crazing,
crazing_288.jpg,0,crazing,
crazing_289.jpg,0,crazing,
crazing_290.jpg,0,crazing,
crazing_291.jpg,0,crazing,
crazing_292.jpg,0,crazing,
crazing_293.jpg,0,crazing,
crazing_294.jpg,0,crazing,
crazing_295.jpg,0,crazing,
crazing_296.jpg,0,crazing,
crazing_297.jpg,0,crazing,
crazing_298.jpg,0,crazing,
crazing_299.jpg,0,crazing,
inclusion_300.jpg,1,inclusion,
inclusion_301.jpg,1,inclusion,
inclusion_302.jpg,1,inclusion,
inclusion_303.jpg,1,inclusion,
inclusion_304.jpg,1,inclusion,
inclusion_305.jpg,1,inclusion,
inclusion_306.jpg,1,inclusion,
inclusion_307.jpg,1,inclusion,
inclusion_308.jpg,1,inclusion,
inclusion_309.jpg,1,inclusion,
inclusion_310.jpg,1,inclusion,
inclusion_311.jpg,1,inclusion,
inclusion_312.jpg,1,inclusion,
inclusion_313.jpg,1,inclusion,
inclusion_314.jpg,1,inclusion,
inclusion_315.jpg,1,inclusion,
inclusion_316.jpg,1,inclusion,
inclusion_317.jpg,1,inclusion,
inclusion_318.jpg,1,inclusion,
inclusion_319.jpg,1,inclusion,
inclusion_320.jpg,1,inclusion,
inclusion_321.jpg,1,inclusion,
inclusion_322.jpg,1,inclusion,
inclusion_323.jpg,1,inclusion,
inclusion_324.jpg,1,inclusion,
inclusion_325.jpg,1,inclusion,
inclusion_326.jpg,1,inclusion,
inclusion_327.jpg,1,inclusion,
inclusion_328.jpg,1,inclusion,
inclusion_329.jpg,1,inclusion,
inclusion_330.jpg,1,inclusion,
inclusion_331.jpg,1,inclusion,
inclusion_332.jpg,1,inclusion,
inclusion_333.jpg,1,inclusion,
inclusion_334.jpg,1,inclusion,
inclusion_335.jpg,1,inclusion,
inclusion_336.jpg,1,inclusion,
inclusion_337.jpg,1,inclusion,
inclusion_338.jpg,1,inclusion,
inclusion_339.jpg,1,inclusion,
inclusion_340.jpg,1,inclusion,
inclusion_341.jpg,1,inclusion,
inclusion_342.jpg,1,inclusion,
inclusion_343.jpg,1,inclusion,
inclusion_344.jpg,1,inclusion,
inclusion_345.jpg,1,inclusion,
inclusion_346.jpg,1,inclusion,
inclusion_347.jpg,1,inclusion,
inclusion_348.jpg,1,inclusion,
inclusion_349.jpg,1,inclusion,
inclusion_350.jpg,1,inclusion,
inclusion_351.jpg,1,inclusion,
inclusion_352.jpg,1,inclusion,
inclusion_353.jpg,1,inclusion,
inclusion_354.jpg,1,inclusion,
inclusion_355.jpg,1,inclusion,
inclusion_356.jpg,1,inclusion,
inclusion_357.jpg,1,inclusion,
inclusion_358.jpg,1,inclusion,
inclusion_359.jpg,1,inclusion,
inclusion_360.jpg,1,inclusion,
inclusion_361.jpg,1,inclusion,
inclusion_362.jpg,1,inclusion,
inclusion_363.jpg,1,inclusion,
inclusion_364.jpg,1,inclusion,
inclusion_365.jpg,1,inclusion,
inclusion_366.jpg,1,inclusion,
inclusion_367.jpg,1,inclusion,
inclusion_368.jpg,1,inclusion,
inclusion_369.jpg,1,inclusion,
inclusion_370.jpg,1,inclusion,
inclusion_371.jpg,1,inclusion,
inclusion_372.jpg,1,inclusion,
inclusion_373.jpg,1,inclusion,
inclusion_374.jpg,1,inclusion,
inclusion_375.jpg,1,inclusion,
inclusion_376.jpg,1,inclusion,
inclusion_377.jpg,1,inclusion,
inclusion_378.jpg,1,inclusion,
inclusion_379.jpg,1,inclusion,
inclusion_380.jpg,1,inclusion,
inclusion_381.jpg,1,inclusion,
inclusion_382.jpg,1,inclusion,
inclusion_383.jpg,1,inclusion,
inclusion_384.jpg,1,inclusion,
inclusion_385.jpg,1,inclusion,
inclusion_386.jpg,1,inclusion,
inclusion_387.jpg,1,inclusion,
inclusion_388.jpg,1,inclusion,
inclusion_389.jpg,1,inclusion,
inclusion_390.jpg,1,inclusion,
inclusion_391.jpg,1,inclusion,
inclusion_392.jpg,1,inclusion,
inclusion_393.jpg,1,inclusion,
inclusion_394.jpg,1,inclusion,
inclusion_395.jpg,1,inclusion,
inclusion_396.jpg,1,inclusion,
inclusion_397.jpg,1,inclusion,
inclusion_398.jpg,1,inclusion,
inclusion_399.jpg,1,inclusion,
inclusion_400.jpg,1,inclusion,
inclusion_401.jpg,1,inclusion,
inclusion_402.jpg,1,inclusion,
inclusion_403.jpg,1,inclusion,
inclusion_404.jpg,1,inclusion,
inclusion_405.jpg,1,inclusion,
inclusion_406.jpg,1,inclusion,
inclusion_407.jpg,1,inclusion,
inclusion_408.jpg,1,inclusion,
inclusion_409.jpg,1,inclusion,
inclusion_410.jpg,1,inclusion,
inclusion_411.jpg,1,inclusion,
inclusion_412.jpg,1,inclusion,
inclusion_413.jpg,1,inclusion,
inclusion_414.jpg,1,inclusion,
inclusion_415.jpg,1,inclusion,
inclusion_416.jpg,1,inclusion,
inclusion_417.jpg,1,inclusion,
inclusion_418.jpg,1,inclusion,
inclusion_419.jpg,1,inclusion,
inclusion_420.jpg,1,inclusion,
inclusion_421.jpg,1,inclusion,
inclusion_422.jpg,1,inclusion,
inclusion_423.jpg,1,inclusion,
inclusion_424.jpg,1,inclusion,
inclusion_425.jpg,1,inclusion,
inclusion_426.jpg,1,inclusion,
inclusion_427.jpg,1,inclusion,
inclusion_428.jpg,1,inclusion,
inclusion_429.jpg,1,inclusion,
inclusion_430.jpg,1,inclusion,
inclusion_431.jpg,1,inclusion,
inclusion_432.jpg,1,inclusion,
inclusion_433.jpg,1,inclusion,
inclusion_434.jpg,1,inclusion,
inclusion_435.jpg,1,inclusion,
inclusion_436.jpg,1,inclusion,
inclusion_437.jpg,1,inclusion,
inclusion_438.jpg,1,inclusion,
inclusion_439.jpg,1,inclusion,
inclusion_440.jpg,1,inclusion,
inclusion_441.jpg,1,inclusion,
inclusion_442.jpg,1,inclusion,
inclusion_443.jpg,1,inclusion,
inclusion_444.jpg,1,inclusion,
inclusion_445.jpg,1,inclusion,
inclusion_446.jpg,1,inclusion,
inclusion_447.jpg,1,inclusion,
inclusion_448.jpg,1,inclusion,
inclusion_449.jpg,1,inclusion,
inclusion_450.jpg,1,inclusion,
inclusion_451.jpg,1,inclusion,
inclusion_452.jpg,1,inclusion,
inclusion_453.jpg,1,inclusion,
inclusion_454.jpg,1,inclusion,
inclusion_455.jpg,1,inclusion,
inclusion_456.jpg,1,inclusion,
inclusion_457.jpg,1,inclusion,
inclusion_458.jpg,1,inclusion,
inclusion_459.jpg,1,inclusion,
inclusion_460.jpg,1,inclusion,
inclusion_461.jpg,1,inclusion,
inclusion_462.jpg,1,inclusion,
inclusion_463.jpg,1,inclusion,
inclusion_464.jpg,1,inclusion,
inclusion_465.jpg,1,inclusion,
inclusion_466.jpg,1,inclusion,
inclusion_467.jpg,1,inclusion,
inclusion_468.jpg,1,inclusion,
inclusion_469.jpg,1,inclusion,
inclusion_470.jpg,1,inclusion,
inclusion_471.jpg,1,inclusion,
inclusion_472.jpg,1,inclusion,
inclusion_473.jpg,1,inclusion,
inclusion_474.jpg,1,inclusion,
inclusion_475.jpg,1,inclusion,
inclusion_476.jpg,1,inclusion,
inclusion_477.jpg,1,inclusion,
inclusion_478.jpg,1,inclusion,
inclusion_479.jpg,1,inclusion,
inclusion_480.jpg,1,inclusion,
inclusion_481.jpg,1,inclusion,
inclusion_482.jpg,1,inclusion,
inclusion_483.jpg,1,inclusion,
inclusion_484.jpg,1,inclusion,
inclusion_485.jpg,1,inclusion,
inclusion_486.jpg,1,inclusion,
inclusion_487.jpg,1,inclusion,
inclusion_488.jpg,1,inclusion,
inclusion_489.jpg,1,inclusion,
inclusion_490.jpg,1,inclusion,
inclusion_491.jpg,1,inclusion,
inclusion_492.jpg,1,inclusion,
inclusion_493.jpg,1,inclusion,
inclusion_494.jpg,1,inclusion,
inclusion_495.jpg,1,inclusion,
inclusion_496.jpg,1,inclusion,
inclusion_497.jpg,1,inclusion,
inclusion_498.jpg,1,inclusion,
inclusion_499.jpg,1,inclusion,
inclusion_500.jpg,1,inclusion,
inclusion_501.jpg,1,inclusion,
inclusion_502.jpg,1,inclusion,
inclusion_503.jpg,1,inclusion,
inclusion_504.jpg,1,inclusion,
inclusion_505.jpg,1,inclusion,
inclusion_506.jpg,1,inclusion,
inclusion_507.jpg,1,inclusion,
inclusion_508.jpg,1,inclusion,
inclusion_509.jpg,1,inclusion,
inclusion_510.jpg,1,inclusion,
inclusion_511.jpg,1,inclusion,
inclusion_512.jpg,1,inclusion,
inclusion_513.jpg,1,inclusion,
inclusion_514.jpg,1,inclusion,
inclusion_515.jpg,1,inclusion,
inclusion_516.jpg,1,inclusion,
inclusion_517.jpg,1,inclusion,
inclusion_518.jpg,1,inclusion,
inclusion_519.jpg,1,inclusion,
inclusion_520.jpg,1,inclusion,
inclusion_521.jpg,1,inclusion,
inclusion_522.jpg,1,inclusion,
inclusion_523.jpg,1,inclusion,
inclusion_524.jpg,1,inclusion,
inclusion_525.jpg,1,inclusion,
inclusion_526.jpg,1,inclusion,
inclusion_527.jpg,1,inclusion,
inclusion_528.jpg,1,inclusion,
inclusion_529.jpg,1,inclusion,
inclusion_530.jpg,1,inclusion,
inclusion_531.jpg,1,inclusion,
inclusion_532.jpg,1,inclusion,
inclusion_533.jpg,1,inclusion,
inclusion_534.jpg,1,inclusion,
inclusion_535.jpg,1,inclusion,
inclusion_536.jpg,1,inclusion,
inclusion_537.jpg,1,inclusion,
inclusion_538.jpg,1,inclusion,
inclusion_539.jpg,1,inclusion,
inclusion_540.jpg,1,inclusion,
inclusion_541.jpg,1,inclusion,
inclusion_542.jpg,1,inclusion,
inclusion_543.jpg,1,inclusion,
inclusion_544.jpg,1,inclusion,
inclusion_545.jpg,1,inclusion,
inclusion_546.jpg,1,inclusion,
inclusion_547.jpg,1,inclusion,
inclusion_548.jpg,1,inclusion,
inclusion_549.jpg,1,inclusion,
inclusion_550.jpg,1,inclusion,
inclusion_551.jpg,1,inclusion,
inclusion_552.jpg,1,inclusion,
inclusion_553.jpg,1,inclusion,
inclusion_554.jpg,1,inclusion,
inclusion_555.jpg,1,inclusion,
inclusion_556.jpg,1,inclusion,
inclusion_557.jpg,1,inclusion,
inclusion_558.jpg,1,inclusion,
inclusion_559.jpg,1,inclusion,
inclusion_560.jpg,1,inclusion,
inclusion_561.jpg,1,inclusion,
inclusion_562.jpg,1,inclusion,
inclusion_563.jpg,1,inclusion,
inclusion_564.jpg,1,inclusion,
inclusion_565.jpg,1,inclusion,
inclusion_566.jpg,1,inclusion,
inclusion_567.jpg,1,inclusion,
inclusion_568.jpg,1,inclusion,
inclusion_569.jpg,1,inclusion,
inclusion_570.jpg,1,inclusion,
inclusion_571.jpg,1,inclusion,
inclusion_572.jpg,1,inclusion,
inclusion_573.jpg,1,inclusion,
inclusion_574.jpg,1,inclusion,
inclusion_575.jpg,1,inclusion,
inclusion_576.jpg,1,inclusion,
inclusion_577.jpg,1,inclusion,
inclusion_578.jpg,1,inclusion,
inclusion_579.jpg,1,inclusion,
inclusion_580.jpg,1,inclusion,
inclusion_581.jpg,1,inclusion,
inclusion_582.jpg,1,inclusion,
inclusion_583.jpg,1,inclusion,
inclusion_584.jpg,1,inclusion,
inclusion_585.jpg,1,inclusion,
inclusion_586.jpg,1,inclusion,
inclusion_587.jpg,1,inclusion,
inclusion_588.jpg,1,inclusion,
inclusion_589.jpg,1,inclusion,
inclusion_590.jpg,1,inclusion,
inclusion_591.jpg,1,inclusion,
inclusion_592.jpg,1,inclusion,
inclusion_593.jpg,1,inclusion,
inclusion_594.jpg,1,inclusion,
inclusion_595.jpg,1,inclusion,
inclusion_596.jpg,1,inclusion,
inclusion_597.jpg,1,inclusion,
inclusion_598.jpg,1,inclusion,
inclusion_599.jpg,1,inclusion,
patches_600.jpg,2,patches,
patches_601.jpg,2,patches,
patches_602.jpg,2,patches,
patches_603.jpg,2,patches,
patches_604.jpg,2,patches,
patches_605.jpg,2,patches,
patches_606.jpg,2,patches,
patches_607.jpg,2,patches,
patches_608.jpg,2,patches,
patches_609.jpg,2,patches,
patches_610.jpg,2,patches,
patches_611.jpg,2,patches,
patches_612.jpg,2,patches,
patches_613.jpg,2,patches,
patches_614.jpg,2,patches,
patches_615.jpg,2,patches,
patches_616.jpg,2,patches,
patches_617.jpg,2,patches,
patches_618.jpg,2,patches,
patches_619.jpg,2,patches,
patches_620.jpg,2,patches,
patches_621.jpg,2,patches,
patches_622.jpg,2,patches,
patches_623.jpg,2,patches,
patches_624.jpg,2,patches,
patches_625.jpg,2,patches,
patches_626.jpg,2,patches,
patches_627.jpg,2,patches,
patches_628.jpg,2,patches,
patches_629.jpg,2,patches,
patches_630.jpg,2,patches,
patches_631.jpg,2,patches,
patches_632.jpg,2,patches,
patches_633.jpg,2,patches,
patches_634.jpg,2,patches,
patches_635.jpg,2,patches,
patches_636.jpg,2,patches,
patches_637.jpg,2,patches,
patches_638.jpg,2,patches,
patches_639.jpg,2,patches,
patches_640.jpg,2,patches,
patches_641.jpg,2,patches,
patches_642.jpg,2,patches,
patches_643.jpg,2,patches,
patches_644.jpg,2,patches,
patches_645.jpg,2,patches,
patches_646.jpg,2,patches,
patches_647.jpg,2,patches,
patches_648.jpg,2,patches,
patches_649.jpg,2,patches,
patches_650.jpg,2,patches,
patches_651.jpg,2,patches,
patches_652.jpg,2,patches,
patches_653.jpg,2,patches,
patches_654.jpg,2,patches,
patches_655.jpg,2,patches,
patches_656.jpg,2,patches,
patches_657.jpg,2,patches,
patches_658.jpg,2,patches,
patches_659.jpg,2,patches,
patches_660.jpg,2,patches,
patches_661.jpg,2,patches,
patches_662.jpg,2,patches,
patches_663.jpg,2,patches,
patches_664.jpg,2,patches,
patches_665.jpg,2,patches,
patches_666.jpg,2,patches,
patches_667.jpg,2,patches,
patches_668.jpg,2,patches,
patches_669.jpg,2,patches,
patches_670.jpg,2,patches,
patches_671.jpg,2,patches,
patches_672.jpg,2,patches,
patches_673.jpg,2,patches,
patches_674.jpg,2,patches,
patches_675.jpg,2,patches,
patches_676.jpg,2,patches,
patches_677.jpg,2,patches,
patches_678.jpg,2,patches,
patches_679.jpg,2,patches,
patches_680.jpg,2,patches,
patches_681.jpg,2,patches,
patches_682.jpg,2,patches,
patches_683.jpg,2,patches,
patches_684.jpg,2,patches,
patches_685.jpg,2,patches,
patches_686.jpg,2,patches,
patches_687.jpg,2,patches,
patches_688.jpg,2,patches,
patches_689.jpg,2,patches,
patches_690.jpg,2,patches,
patches_691.jpg,2,patches,
patches_692.jpg,2,patches,
patches_693.jpg,2,patches,
patches_694.jpg,2,patches,
patches_695.jpg,2,patches,
patches_696.jpg,2,patches,
patches_697.jpg,2,patches,
patches_698.jpg,2,patches,
patches_699.jpg,2,patches,
patches_700.jpg,2,patches,
patches_701.jpg,2,patches,
patches_702.jpg,2,patches,
patches_703.jpg,2,patches,
patches_704.jpg,2,patches,
patches_705.jpg,2,patches,
patches_706.jpg,2,patches,
patches_707.jpg,2,patches,
patches_708.jpg,2,patches,
patches_709.jpg,2,patches,
patches_710.jpg,2,patches,
patches_711.jpg,2,patches,
patches_712.jpg,2,patches,
patches_713.jpg,2,patches,
patches_714.jpg,2,patches,
patches_715.jpg,2,patches,
patches_716.jpg,2,patches,
patches_717.jpg,2,patches,
patches_718.jpg,2,patches,
patches_719.jpg,2,patches,
patches_720.jpg,2,patches,
patches_721.jpg,2,patches,
patches_722.jpg,2,patches,
patches_723.jpg,2,patches,
patches_724.jpg,2,patches,
patches_725.jpg,2,patches,
patches_726.jpg,2,patches,
patches_727.jpg,2,patches,
patches_728.jpg,2,patches,
patches_729.jpg,2,patches,
patches_730.jpg,2,patches,
patches_731.jpg,2,patches,
patches_732.jpg,2,patches,
patches_733.jpg,2,patches,
patches_734.jpg,2,patches,
patches_735.jpg,2,patches,
patches_736.jpg,2,patches,
patches_737.jpg,2,patches,
patches_738.jpg,2,patches,
patches_739.jpg,2,patches,
patches_740.jpg,2,patches,
patches_741.jpg,2,patches,
patches_742.jpg,2,patches,
patches_743.jpg,2,patches,
patches_744.jpg,2,patches,
patches_745.jpg,2,patches,
patches_746.jpg,2,patches,
patches_747.jpg,2,patches,
patches_748.jpg,2,patches,
patches_749.jpg,2,patches,
patches_750.jpg,2,patches,
patches_751.jpg,2,patches,
patches_752.jpg,2,patches,
patches_753.jpg,2,patches,
patches_754.jpg,2,patches,
patches_755.jpg,2,patches,
patches_756.jpg,2,patches,
patches_757.jpg,2,patches,
patches_758.jpg,2,patches,
patches_759.jpg,2,patches,
patches_760.jpg,2,patches,
patches_761.jpg,2,patches,
patches_762.jpg,2,patches,
patches_763.jpg,2,patches,
patches_764.jpg,2,patches,
patches_765.jpg,2,patches,
patches_766.jpg,2,patches,
patches_767.jpg,2,patches,
patches_768.jpg,2,patches,
patches_769.jpg,2,patches,
patches_770.jpg,2,patches,
patches_771.jpg,2,patches,
patches_772.jpg,2,patches,
patches_773.jpg,2,patches,
patches_774.jpg,2,patches,
patches_775.jpg,2,patches,
patches_776.jpg,2,patches,
patches_777.jpg,2,patches,
patches_778.jpg,2,patches,
patches_779.jpg,2,patches,
patches_780.jpg,2,patches,
patches_781.jpg,2,patches,
patches_782.jpg,2,patches,
patches_783.jpg,2,patches,
patches_784.jpg,2,patches,
patches_785.jpg,2,patches,
patches_786.jpg,2,patches,
patches_787.jpg,2,patches,
patches_788.jpg,2,patches,
patches_789.jpg,2,patches,
patches_790.jpg,2,patches,
patches_791.jpg,2,patches,
patches_792.jpg,2,patches,
patches_793.jpg,2,patches,
patches_794.jpg,2,patches,
patches_795.jpg,2,patches,
patches_796.jpg,2,patches,
patches_797.jpg,2,patches,
patches_798.jpg,2,patches,
patches_799.jpg,2,patches,
patches_800.jpg,2,patches,
patches_801.jpg,2,patches,
patches_802.jpg,2,patches,
patches_803.jpg,2,patches,
patches_804.jpg,2,patches,
patches_805.jpg,2,patches,
patches_806.jpg,2,patches,
patches_807.jpg,2,patches,
patches_808.jpg,2,patches,
patches_809.jpg,2,patches,
patches_810.jpg,2,patches,
patches_811.jpg,2,patches,
patches_812.jpg,2,patches,
patches_813.jpg,2,patches,
patches_814.jpg,2,patches,
patches_815.jpg,2,patches,
patches_816.jpg,2,patches,
patches_817.jpg,2,patches,
patches_818.jpg,2,patches,
patches_819.jpg,2,patches,
patches_820.jpg,2,patches,
patches_821.jpg,2,patches,
patches_822.jpg,2,patches,
patches_823.jpg,2,patches,
patches_824.jpg,2,patches,
patches_825.jpg,2,patches,
patches_826.jpg,2,patches,
patches_827.jpg,2,patches,
patches_828.jpg,2,patches,
patches_829.jpg,2,patches,
patches_830.jpg,2,patches,
patches_831.jpg,2,patches,
patches_832.jpg,2,patches,
patches_833.jpg,2,patches,
patches_834.jpg,2,patches,
patches_835.jpg,2,patches,
patches_836.jpg,2,patches,
patches_837.jpg,2,patches,
patches_838.jpg,2,patches,
patches_839.jpg,2,patches,
patches_840.jpg,2,patches,
patches_841.jpg,2,patches,
patches_842.jpg,2,patches,
patches_843.jpg,2,patches,
patches_844.jpg,2,patches,
patches_845.jpg,2,patches,
patches_846.jpg,2,patches,
patches_847.jpg,2,patches,
patches_848.jpg,2,patches,
patches_849.jpg,2,patches,
patches_850.jpg,2,patches,
patches_851.jpg,2,patches,
patches_852.jpg,2,patches,
patches_853.jpg,2,patches,
patches_854.jpg,2,patches,
patches_855.jpg,2,patches,
patches_856.jpg,2,patches,
patches_857.jpg,2,patches,
patches_858.jpg,2,patches,
patches_859.jpg,2,patches,
patches_860.jpg,2,patches,
patches_861.jpg,2,patches,
patches_862.jpg,2,patches,
patches_863.jpg,2,patches,
patches_864.jpg,2,patches,
patches_865.jpg,2,patches,
patches_866.jpg,2,patches,
patches_867.jpg,2,patches,
patches_868.jpg,2,patches,
patches_869.jpg,2,patches,
patches_870.jpg,2,patches,
patches_871.jpg,2,patches,
patches_872.jpg,2,patches,
patches_873.jpg,2,patches,
patches_874.jpg,2,patches,
patches_875.jpg,2,patches,
patches_876.jpg,2,patches,
patches_877.jpg,2,patches,
patches_878.jpg,2,patches,
patches_879.jpg,2,patches,
patches_880.jpg,2,patches,
patches_881.jpg,2,patches,
patches_882.jpg,2,patches,
patches_883.jpg,2,patches,
patches_884.jpg,2,patches,
patches_885.jpg,2,patches,
patches_886.jpg,2,patches,
patches_887.jpg,2,patches,
patches_888.jpg,2,patches,
patches_889.jpg,2,patches,
patches_890.jpg,2,patches,
patches_891.jpg,2,patches,
patches_892.jpg,2,patches,
patches_893.jpg,2,patches,
patches_894.jpg,2,patches,
patches_895.jpg,2,patches,
patches_896.jpg,2,patches,
patches_897.jpg,2,patches,
patches_898.jpg,2,patches,
patches_899.jpg,2,patches,
pitted_surface_900.jpg,3,pitted_surface,
pitted_surface_901.jpg,3,pitted_surface,
pitted_surface_902.jpg,3,pitted_surface,
pitted_surface_903.jpg,3,pitted_surface,
pitted_surface_904.jpg,3,pitted_surface,
pitted_surface_905.jpg,3,pitted_surface,
pitted_surface_906.jpg,3,pitted_surface,
pitted_surface_907.jpg,3,pitted_surface,
pitted_surface_908.jpg,3,pitted_surface,
pitted_surface_909.jpg,3,pitted_surface,
pitted_surface_910.jpg,3,pitted_surface,
pitted_surface_911.jpg,3,pitted_surface,
pitted_surface_912.jpg,3,pitted_surface,
pitted_surface_913.jpg,3,pitted_surface,
pitted_surface_914.jpg,3,pitted_surface,
pitted_surface_915.jpg,3,pitted_surface,
pitted_surface_916.jpg,3,pitted_surface,
pitted_surface_917.jpg,3,pitted_surface,
pitted_surface_918.jpg,3,pitted_surface,
pitted_surface_919.jpg,3,pitted_surface,
pitted_surface_920.jpg,3,pitted_surface,
pitted_surface_921.jpg,3,pitted_surface,
pitted_surface_922.jpg,3,pitted_surface,
pitted_surface_923.jpg,3,pitted_surface,
pitted_surface_924.jpg,3,pitted_surface,
pitted_surface_925.jpg,3,pitted_surface,
pitted_surface_926.jpg,3,pitted_surface,
pitted_surface_927.jpg,3,pitted_surface,
pitted_surface_928.jpg,3,pitted_surface,
pitted_surface_929.jpg,3,pitted_surface,
pitted_surface_930.jpg,3,pitted_surface,
pitted_surface_931.jpg,3,pitted_surface,
pitted_surface_932.jpg,3,pitted_surface,
pitted_surface_933.jpg,3,pitted_surface,
pitted_surface_934.jpg,3,pitted_surface,
pitted_surface_935.jpg,3,pitted_surface,
pitted_surface_936.jpg,3,pitted_surface,
pitted_surface_937.jpg,3,pitted_surface,
pitted_surface_938.jpg,3,pitted_surface,
pitted_surface_939.jpg,3,pitted_surface,
pitted_surface_940.jpg,3,pitted_surface,
pitted_surface_941.jpg,3,pitted_surface,
pitted_surface_942.jpg,3,pitted_surface,
pitted_surface_943.jpg,3,pitted_surface,
pitted_surface_944.jpg,3,pitted_surface,
pitted_surface_945.jpg,3,pitted_surface,
pitted_surface_946.jpg,3,pitted_surface,
pitted_surface_947.jpg,3,pitted_surface,
pitted_surface_948.jpg,3,pitted_surface,
pitted_surface_949.jpg,3,pitted_surface,
pitted_surface_950.jpg,3,pitted_surface,
pitted_surface_951.jpg,3,pitted_surface,
pitted_surface_952.jpg,3,pitted_surface,
pitted_surface_953.jpg,3,pitted_surface,
pitted_surface_954.jpg,3,pitted_surface,
pitted_surface_955.jpg,3,pitted_surface,
pitted_surface_956.jpg,3,pitted_surface,
pitted_surface_957.jpg,3,pitted_surface,
pitted_surface_958.jpg,3,pitted_surface,
pitted_surface_959.jpg,3,pitted_surface,
pitted_surface_960.jpg,3,pitted_surface,
pitted_surface_961.jpg,3,pitted_surface,
pitted_surface_962.jpg,3,pitted_surface,
pitted_surface_963.jpg,3,pitted_surface,
pitted_surface_964.jpg,3,pitted_surface,
pitted_surface_965.jpg,3,pitted_surface,
pitted_surface_966.jpg,3,pitted_surface,
pitted_surface_967.jpg,3,pitted_surface,
pitted_surface_968.jpg,3,pitted_surface,
pitted_surface_969.jpg,3,pitted_surface,
pitted_surface_970.jpg,3,pitted_surface,
pitted_surface_971.jpg,3,pitted_surface,
pitted_surface_972.jpg,3,pitted_surface,
pitted_surface_973.jpg,3,pitted_surface,
pitted_surface_974.jpg,3,pitted_surface,
pitted_surface_975.jpg,3,pitted_surface,
pitted_surface_976.jpg,3,pitted_surface,
pitted_surface_977.jpg,3,pitted_surface,
pitted_surface_978.jpg,3,pitted_surface,
pitted_surface_979.jpg,3,pitted_surface,
pitted_surface_980.jpg,3,pitted_surface,
pitted_surface_981.jpg,3,pitted_surface,
pitted_surface_982.jpg,3,pitted_surface,
pitted_surface_983.jpg,3,pitted_surface,
pitted_surface_984.jpg,3,pitted_surface,
pitted_surface_985.jpg,3,pitted_surface,
pitted_surface_986.jpg,3,pitted_surface,
pitted_surface_987.jpg,3,pitted_surface,
pitted_surface_988.jpg,3,pitted_surface,
pitted_surface_989.jpg,3,pitted_surface,
pitted_surface_990.jpg,3,pitted_surface,
pitted_surface_991.jpg,3,pitted_surface,
pitted_surface_992.jpg,3,pitted_surface,
pitted_surface_993.jpg,3,pitted_surface,
pitted_surface_994.jpg,3,pitted_surface,
pitted_surface_995.jpg,3,pitted_surface,
pitted_surface_996.jpg,3,pitted_surface,
pitted_surface_997.jpg,3,pitted_surface,
pitted_surface_998.jpg,3,pitted_surface,
pitted_surface_999.jpg,3,pitted_surface,
pitted_surface_1000.jpg,3,pitted_surface,
pitted_surface_1001.jpg,3,pitted_surface,
pitted_surface_1002.jpg,3,pitted_surface,
pitted_surface_1003.jpg,3,pitted_surface,
pitted_surface_1004.jpg,3,pitted_surface,
pitted_surface_1005.jpg,3,pitted_surface,
pitted_surface_1006.jpg,3,pitted_surface,
pitted_surface_1007.jpg,3,pitted_surface,
pitted_surface_1008.jpg,3,pitted_surface,
pitted_surface_1009.jpg,3,pitted_surface,
pitted_surface_1010.jpg,3,pitted_surface,
pitted_surface_1011.jpg,3,pitted_surface,
pitted_surface_1012.jpg,3,pitted_surface,
pitted_surface_1013.jpg,3,pitted_surface,
pitted_surface_1014.jpg,3,pitted_surface,
pitted_surface_1015.jpg,3,pitted_surface,
pitted_surface_1016.jpg,3,pitted_surface,
pitted_surface_1017.jpg,3,pitted_surface,
pitted_surface_1018.jpg,3,pitted_surface,
pitted_surface_1019.jpg,3,pitted_surface,
pitted_surface_1020.jpg,3,pitted_surface,
pitted_surface_1021.jpg,3,pitted_surface,
pitted_surface_1022.jpg,3,pitted_surface,
pitted_surface_1023.jpg,3,pitted_surface,
pitted_surface_1024.jpg,3,pitted_surface,
pitted_surface_1025.jpg,3,pitted_surface,
pitted_surface_1026.jpg,3,pitted_surface,
pitted_surface_1027.jpg,3,pitted_surface,
pitted_surface_1028.jpg,3,pitted_surface,
pitted_surface_1029.jpg,3,pitted_surface,
pitted_surface_1030.jpg,3,pitted_surface,
pitted_surface_1031.jpg,3,pitted_surface,
pitted_surface_1032.jpg,3,pitted_surface,
pitted_surface_1033.jpg,3,pitted_surface,
pitted_surface_1034.jpg,3,pitted_surface,
pitted_surface_1035.jpg,3,pitted_surface,
pitted_surface_1036.jpg,3,pitted_surface,
pitted_surface_1037.jpg,3,pitted_surface,
pitted_surface_1038.jpg,3,pitted_surface,
pitted_surface_1039.jpg,3,pitted_surface,
pitted_surface_1040.jpg,3,pitted_surface,
pitted_surface_1041.jpg,3,pitted_surface,
pitted_surface_1042.jpg,3,pitted_surface,
pitted_surface_1043.jpg,3,pitted_surface,
pitted_surface_1044.jpg,3,pitted_surface,
pitted_surface_1045.jpg,3,pitted_surface,
pitted_surface_1046.jpg,3,pitted_surface,
pitted_surface_1047.jpg,3,pitted_surface,
pitted_surface_1048.jpg,3,pitted_surface,
pitted_surface_1049.jpg,3,pitted_surface,
pitted_surface_1050.jpg,3,pitted_surface,
pitted_surface_1051.jpg,3,pitted_surface,
pitted_surface_1052.jpg,3,pitted_surface,
pitted_surface_1053.jpg,3,pitted_surface,
pitted_surface_1054.jpg,3,pitted_surface,
pitted_surface_1055.jpg,3,pitted_surface,
pitted_surface_1056.jpg,3,pitted_surface,
pitted_surface_1057.jpg,3,pitted_surface,
pitted_surface_1058.jpg,3,pitted_surface,
pitted_surface_1059.jpg,3,pitted_surface,
pitted_surface_1060.jpg,3,pitted_surface,
pitted_surface_1061.jpg,3,pitted_surface,
pitted_surface_1062.jpg,3,pitted_surface,
pitted_surface_1063.jpg,3,pitted_surface,
pitted_surface_1064.jpg,3,pitted_surface,
pitted_surface_1065.jpg,3,pitted_surface,
pitted_surface_1066.jpg,3,pitted_surface,
pitted_surface_1067.jpg,3,pitted_surface,
pitted_surface_1068.jpg,3,pitted_surface,
pitted_surface_1069.jpg,3,pitted_surface,
pitted_surface_1070.jpg,3,pitted_surface,
pitted_surface_1071.jpg,3,pitted_surface,
pitted_surface_1072.jpg,3,pitted_surface,
pitted_surface_1073.jpg,3,pitted_surface,
pitted_surface_1074.jpg,3,pitted_surface,
pitted_surface_1075.jpg,3,pitted_surface,
pitted_surface_1076.jpg,3,pitted_surface,
pitted_surface_1077.jpg,3,pitted_surface,
pitted_surface_1078.jpg,3,pitted_surface,
pitted_surface_1079.jpg,3,pitted_surface,
pitted_surface_1080.jpg,3,pitted_surface,
pitted_surface_1081.jpg,3,pitted_surface,
pitted_surface_1082.jpg,3,pitted_surface,
pitted_surface_1083.jpg,3,pitted_surface,
pitted_surface_1084.jpg,3,pitted_surface,
pitted_surface_1085.jpg,3,pitted_surface,
pitted_surface_1086.jpg,3,pitted_surface,
pitted_surface_1087.jpg,3,pitted_surface,
pitted_surface_1088.jpg,3,pitted_surface,
pitted_surface_1089.jpg,3,pitted_surface,
pitted_surface_1090.jpg,3,pitted_surface,
pitted_surface_1091.jpg,3,pitted_surface,
pitted_surface_1092.jpg,3,pitted_surface,
pitted_surface_1093.jpg,3,pitted_surface,
pitted_surface_1094.jpg,3,pitted_surface,
pitted_surface_1095.jpg,3,pitted_surface,
pitted_surface_1096.jpg,3,pitted_surface,
pitted_surface_1097.jpg,3,pitted_surface,
pitted_surface_1098.jpg,3,pitted_surface,
pitted_surface_1099.jpg,3,pitted_surface,
pitted_surface_1100.jpg,3,pitted_surface,
pitted_surface_1101.jpg,3,pitted_surface,
pitted_surface_1102.jpg,3,pitted_surface,
pitted_surface_1103.jpg,3,pitted_surface,
pitted_surface_1104.jpg,3,pitted_surface,
pitted_surface_1105.jpg,3,pitted_surface,
pitted_surface_1106.jpg,3,pitted_surface,
pitted_surface_1107.jpg,3,pitted_surface,
pitted_surface_1108.jpg,3,pitted_surface,
pitted_surface_1109.jpg,3,pitted_surface,
pitted_surface_1110.jpg,3,pitted_surface,
pitted_surface_1111.jpg,3,pitted_surface,
pitted_surface_1112.jpg,3,pitted_surface,
pitted_surface_1113.jpg,3,pitted_surface,
pitted_surface_1114.jpg,3,pitted_surface,
pitted_surface_1115.jpg,3,pitted_surface,
pitted_surface_1116.jpg,3,pitted_surface,
pitted_surface_1117.jpg,3,pitted_surface,
pitted_surface_1118.jpg,3,pitted_surface,
pitted_surface_1119.jpg,3,pitted_surface,
pitted_surface_1120.jpg,3,pitted_surface,
pitted_surface_1121.jpg,3,pitted_surface,
pitted_surface_1122.jpg,3,pitted_surface,
pitted_surface_1123.jpg,3,pitted_surface,
pitted_surface_1124.jpg,3,pitted_surface,
pitted_surface_1125.jpg,3,pitted_surface,
pitted_surface_1126.jpg,3,pitted_surface,
pitted_surface_1127.jpg,3,pitted_surface,
pitted_surface_1128.jpg,3,pitted_surface,
pitted_surface_1129.jpg,3,pitted_surface,
pitted_surface_1130.jpg,3,pitted_surface,
pitted_surface_1131.jpg,3,pitted_surface,
pitted_surface_1132.jpg,3,pitted_surface,
pitted_surface_1133.jpg,3,pitted_surface,
pitted_surface_1134.jpg,3,pitted_surface,
pitted_surface_1135.jpg,3,pitted_surface,
pitted_surface_1136.jpg,3,pitted_surface,
pitted_surface_1137.jpg,3,pitted_surface,
pitted_surface_1138.jpg,3,pitted_surface,
pitted_surface_1139.jpg,3,pitted_surface,
pitted_surface_1140.jpg,3,pitted_surface,
pitted_surface_1141.jpg,3,pitted_surface,
pitted_surface_1142.jpg,3,pitted_surface,
pitted_surface_1143.jpg,3,pitted_surface,
pitted_surface_1144.jpg,3,pitted_surface,
pitted_surface_1145.jpg,3,pitted_surface,
pitted_surface_1146.jpg,3,pitted_surface,
pitted_surface_1147.jpg,3,pitted_surface,
pitted_surface_1148.jpg,3,pitted_surface,
pitted_surface_1149.jpg,3,pitted_surface,
pitted_surface_1150.jpg,3,pitted_surface,
pitted_surface_1151.jpg,3,pitted_surface,
pitted_surface_1152.jpg,3,pitted_surface,
pitted_surface_1153.jpg,3,pitted_surface,
pitted_surface_1154.jpg,3,pitted_surface,
pitted_surface_1155.jpg,3,pitted_surface,
pitted_surface_1156.jpg,3,pitted_surface,
pitted_surface_1157.jpg,3,pitted_surface,
pitted_surface_1158.jpg,3,pitted_surface,
pitted_surface_1159.jpg,3,pitted_surface,
pitted_surface_1160.jpg,3,pitted_surface,
pitted_surface_1161.jpg,3,pitted_surface,
pitted_surface_1162.jpg,3,pitted_surface,
pitted_surface_1163.jpg,3,pitted_surface,
pitted_surface_1164.jpg,3,pitted_surface,
pitted_surface_1165.jpg,3,pitted_surface,
pitted_surface_1166.jpg,3,pitted_surface,
pitted_surface_1167.jpg,3,pitted_surface,
pitted_surface_1168.jpg,3,pitted_surface,
pitted_surface_1169.jpg,3,pitted_surface,
pitted_surface_1170.jpg,3,pitted_surface,
pitted_surface_1171.jpg,3,pitted_surface,
pitted_surface_1172.jpg,3,pitted_surface,
pitted_surface_1173.jpg,3,pitted_surface,
pitted_surface_1174.jpg,3,pitted_surface,
pitted_surface_1175.jpg,3,pitted_surface,
pitted_surface_1176.jpg,3,pitted_surface,
pitted_surface_1177.jpg,3,pitted_surface,
pitted_surface_1178.jpg,3,pitted_surface,
pitted_surface_1179.jpg,3,pitted_surface,
pitted_surface_1180.jpg,3,pitted_surface,
pitted_surface_1181.jpg,3,pitted_surface,
pitted_surface_1182.jpg,3,pitted_surface,
pitted_surface_1183.jpg,3,pitted_surface,
pitted_surface_1184.jpg,3,pitted_surface,
pitted_surface_1185.jpg,3,pitted_surface,
pitted_surface_1186.jpg,3,pitted_surface,
pitted_surface_1187.jpg,3,pitted_surface,
pitted_surface_1188.jpg,3,pitted_surface,
pitted_surface_1189.jpg,3,pitted_surface,
pitted_surface_1190.jpg,3,pitted_surface,
pitted_surface_1191.jpg,3,pitted_surface,
pitted_surface_1192.jpg,3,pitted_surface,
pitted_surface_1193.jpg,3,pitted_surface,
pitted_surface_1194.jpg,3,pitted_surface,
pitted_surface_1195.jpg,3,pitted_surface,
pitted_surface_1196.jpg,3,pitted_surface,
pitted_surface_1197.jpg,3,pitted_surface,
pitted_surface_1198.jpg,3,pitted_surface,
pitted_surface_1199.jpg,3,pitted_surface,
rolled-in_scale_1200.jpg,4,rolled-in_scale,
rolled-in_scale_1201.jpg,4,rolled-in_scale,
rolled-in_scale_1202.jpg,4,rolled-in_scale,
rolled-in_scale_1203.jpg,4,rolled-in_scale,
rolled-in_scale_1204.jpg,4,rolled-in_scale,
rolled-in_scale_1205.jpg,4,rolled-in_scale,
rolled-in_scale_1206.jpg,4,rolled-in_scale,
rolled-in_scale_1207.jpg,4,rolled-in_scale,
rolled-in_scale_1208.jpg,4,rolled-in_scale,
rolled-in_scale_1209.jpg,4,rolled-in_scale,
rolled-in_scale_1210.jpg,4,rolled-in_scale,
rolled-in_scale_1211.jpg,4,rolled-in_scale,
rolled-in_scale_1212.jpg,4,rolled-in_scale,
rolled-in_scale_1213.jpg,4,rolled-in_scale,
rolled-in_scale_1214.jpg,4,rolled-in_scale,
rolled-in_scale_1215.jpg,4,rolled-in_scale,
rolled-in_scale_1216.jpg,4,rolled-in_scale,
rolled-in_scale_1217.jpg,4,rolled-in_scale,
rolled-in_scale_1218.jpg,4,rolled-in_scale,
rolled-in_scale_1219.jpg,4,rolled-in_scale,
rolled-in_scale_1220.jpg,4,rolled-in_scale,
rolled-in_scale_1221.jpg,4,rolled-in_scale,
rolled-in_scale_1222.jpg,4,rolled-in_scale,
rolled-in_scale_1223.jpg,4,rolled-in_scale,
rolled-in_scale_1224.jpg,4,rolled-in_scale,
rolled-in_scale_1225.jpg,4,rolled-in_scale,
rolled-in_scale_1226.jpg,4,rolled-in_scale,
rolled-in_scale_1227.jpg,4,rolled-in_scale,
rolled-in_scale_1228.jpg,4,rolled-in_scale,
rolled-in_scale_1229.jpg,4,rolled-in_scale,
rolled-in_scale_1230.jpg,4,rolled-in_scale,
rolled-in_scale_1231.jpg,4,rolled-in_scale,
rolled-in_scale_1232.jpg,4,rolled-in_scale,
rolled-in_scale_1233.jpg,4,rolled-in_scale,
rolled-in_scale_1234.jpg,4,rolled-in_scale,
rolled-in_scale_1235.jpg,4,rolled-in_scale,
rolled-in_scale_1236.jpg,4,rolled-in_scale,
rolled-in_scale_1237.jpg,4,rolled-in_scale,
rolled-in_scale_1238.jpg,4,rolled-in_scale,
rolled-in_scale_1239.jpg,4,rolled-in_scale,
rolled-in_scale_1240.jpg,4,rolled-in_scale,
rolled-in_scale_1241.jpg,4,rolled-in_scale,
rolled-in_scale_1242.jpg,4,rolled-in_scale,
rolled-in_scale_1243.jpg,4,rolled-in_scale,
rolled-in_scale_1244.jpg,4,rolled-in_scale,
rolled-in_scale_1245.jpg,4,rolled-in_scale,
rolled-in_scale_1246.jpg,4,rolled-in_scale,
rolled-in_scale_1247.jpg,4,rolled-in_scale,
rolled-in_scale_1248.jpg,4,rolled-in_scale,
rolled-in_scale_1249.jpg,4,rolled-in_scale,
rolled-in_scale_1250.jpg,4,rolled-in_scale,
rolled-in_scale_1251.jpg,4,rolled-in_scale,
rolled-in_scale_1252.jpg,4,rolled-in_scale,
rolled-in_scale_1253.jpg,4,rolled-in_scale,
rolled-in_scale_1254.jpg,4,rolled-in_scale,
rolled-in_scale_1255.jpg,4,rolled-in_scale,
rolled-in_scale_1256.jpg,4,rolled-in_scale,
rolled-in_scale_1257.jpg,4,rolled-in_scale,
rolled-in_scale_1258.jpg,4,rolled-in_scale,
rolled-in_scale_1259.jpg,4,rolled-in_scale,
rolled-in_scale_1260.jpg,4,rolled-in_scale,
rolled-in_scale_1261.jpg,4,rolled-in_scale,
rolled-in_scale_1262.jpg,4,rolled-in_scale,
rolled-in_scale_1263.jpg,4,rolled-in_scale,
rolled-in_scale_1264.jpg,4,rolled-in_scale,
rolled-in_scale_1265.jpg,4,rolled-in_scale,
rolled-in_scale_1266.jpg,4,rolled-in_scale,
rolled-in_scale_1267.jpg,4,rolled-in_scale,
rolled-in_scale_1268.jpg,4,rolled-in_scale,
rolled-in_scale_1269.jpg,4,rolled-in_scale,
rolled-in_scale_1270.jpg,4,rolled-in_scale,
rolled-in_scale_1271.jpg,4,rolled-in_scale,
rolled-in_scale_1272.jpg,4,rolled-in_scale,
rolled-in_scale_1273.jpg,4,rolled-in_scale,
rolled-in_scale_1274.jpg,4,rolled-in_scale,
rolled-in_scale_1275.jpg,4,rolled-in_scale,
rolled-in_scale_1276.jpg,4,rolled-in_scale,
rolled-in_scale_1277.jpg,4,rolled-in_scale,
rolled-in_scale_1278.jpg,4,rolled-in_scale,
rolled-in_scale_1279.jpg,4,rolled-in_scale,
rolled-in_scale_1280.jpg,4,rolled-in_scale,
rolled-in_scale_1281.jpg,4,rolled-in_scale,
rolled-in_scale_1282.jpg,4,rolled-in_scale,
rolled-in_scale_1283.jpg,4,rolled-in_scale,
rolled-in_scale_1284.jpg,4,rolled-in_scale,
rolled-in_scale_1285.jpg,4,rolled-in_scale,
rolled-in_scale_1286.jpg,4,rolled-in_scale,
rolled-in_scale_1287.jpg,4,rolled-in_scale,
rolled-in_scale_1288.jpg,4,rolled-in_scale,
rolled-in_scale_1289.jpg,4,rolled-in_scale,
rolled-in_scale_1290.jpg,4,rolled-in_scale,
rolled-in_scale_1291.jpg,4,rolled-in_scale,
rolled-in_scale_1292.jpg,4,rolled-in_scale,
rolled-in_scale_1293.jpg,4,rolled-in_scale,
rolled-in_scale_1294.jpg,4,rolled-in_scale,
rolled-in_scale_1295.jpg,4,rolled-in_scale,
rolled-in_scale_1296.jpg,4,rolled-in_scale,
rolled-in_scale_1297.jpg,4,rolled-in_scale,
rolled-in_scale_1298.jpg,4,rolled-in_scale,
rolled-in_scale_1299.jpg,4,rolled-in_scale,
rolled-in_scale_1300.jpg,4,rolled-in_scale,
rolled-in_scale_1301.jpg,4,rolled-in_scale,
rolled-in_scale_1302.jpg,4,rolled-in_scale,
rolled-in_scale_1303.jpg,4,rolled-in_scale,
rolled-in_scale_1304.jpg,4,rolled-in_scale,
rolled-in_scale_1305.jpg,4,rolled-in_scale,
rolled-in_scale_1306.jpg,4,rolled-in_scale,
rolled-in_scale_1307.jpg,4,rolled-in_scale,
rolled-in_scale_1308.jpg,4,rolled-in_scale,
rolled-in_scale_1309.jpg,4,rolled-in_scale,
rolled-in_scale_1310.jpg,4,rolled-in_scale,
rolled-in_scale_1311.jpg,4,rolled-in_scale,
rolled-in_scale_1312.jpg,4,rolled-in_scale,
rolled-in_scale_1313.jpg,4,rolled-in_scale,
rolled-in_scale_1314.jpg,4,rolled-in_scale,
rolled-in_scale_1315.jpg,4,rolled-in_scale,
rolled-in_scale_1316.jpg,4,rolled-in_scale,
rolled-in_scale_1317.jpg,4,rolled-in_scale,
rolled-in_scale_1318.jpg,4,rolled-in_scale,
rolled-in_scale_1319.jpg,4,rolled-in_scale,
rolled-in_scale_1320.jpg,4,rolled-in_scale,
rolled-in_scale_1321.jpg,4,rolled-in_scale,
rolled-in_scale_1322.jpg,4,rolled-in_scale,
rolled-in_scale_1323.jpg,4,rolled-in_scale,
rolled-in_scale_1324.jpg,4,rolled-in_scale,
rolled-in_scale_1325.jpg,4,rolled-in_scale,
rolled-in_scale_1326.jpg,4,rolled-in_scale,
rolled-in_scale_1327.jpg,4,rolled-in_scale,
rolled-in_scale_1328.jpg,4,rolled-in_scale,
rolled-in_scale_1329.jpg,4,rolled-in_scale,
rolled-in_scale_1330.jpg,4,rolled-in_scale,
rolled-in_scale_1331.jpg,4,rolled-in_scale,
rolled-in_scale_1332.jpg,4,rolled-in_scale,
rolled-in_scale_1333.jpg,4,rolled-in_scale,
rolled-in_scale_1334.jpg,4,rolled-in_scale,
rolled-in_scale_1335.jpg,4,rolled-in_scale,
rolled-in_scale_1336.jpg,4,rolled-in_scale,
rolled-in_scale_1337.jpg,4,rolled-in_scale,
rolled-in_scale_1338.jpg,4,rolled-in_scale,
rolled-in_scale_1339.jpg,4,rolled-in_scale,
rolled-in_scale_1340.jpg,4,rolled-in_scale,
rolled-in_scale_1341.jpg,4,rolled-in_scale,
rolled-in_scale_1342.jpg,4,rolled-in_scale,
rolled-in_scale_1343.jpg,4,rolled-in_scale,
rolled-in_scale_1344.jpg,4,rolled-in_scale,
rolled-in_scale_1345.jpg,4,rolled-in_scale,
rolled-in_scale_1346.jpg,4,rolled-in_scale,
rolled-in_scale_1347.jpg,4,rolled-in_scale,
rolled-in_scale_1348.jpg,4,rolled-in_scale,
rolled-in_scale_1349.jpg,4,rolled-in_scale,
rolled-in_scale_1350.jpg,4,rolled-in_scale,
rolled-in_scale_1351.jpg,4,rolled-in_scale,
rolled-in_scale_1352.jpg,4,rolled-in_scale,
rolled-in_scale_1353.jpg,4,rolled-in_scale,
rolled-in_scale_1354.jpg,4,rolled-in_scale,
rolled-in_scale_1355.jpg,4,rolled-in_scale,
rolled-in_scale_1356.jpg,4,rolled-in_scale,
rolled-in_scale_1357.jpg,4,rolled-in_scale,
rolled-in_scale_1358.jpg,4,rolled-in_scale,
rolled-in_scale_1359.jpg,4,rolled-in_scale,
rolled-in_scale_1360.jpg,4,rolled-in_scale,
rolled-in_scale_1361.jpg,4,rolled-in_scale,
rolled-in_scale_1362.jpg,4,rolled-in_scale,
rolled-in_scale_1363.jpg,4,rolled-in_scale,
rolled-in_scale_1364.jpg,4,rolled-in_scale,
rolled-in_scale_1365.jpg,4,rolled-in_scale,
rolled-in_scale_1366.jpg,4,rolled-in_scale,
rolled-in_scale_1367.jpg,4,rolled-in_scale,
rolled-in_scale_1368.jpg,4,rolled-in_scale,
rolled-in_scale_1369.jpg,4,rolled-in_scale,
rolled-in_scale_1370.jpg,4,rolled-in_scale,
rolled-in_scale_1371.jpg,4,rolled-in_scale,
rolled-in_scale_1372.jpg,4,rolled-in_scale,
rolled-in_scale_1373.jpg,4,rolled-in_scale,
rolled-in_scale_1374.jpg,4,rolled-in_scale,
rolled-in_scale_1375.jpg,4,rolled-in_scale,
rolled-in_scale_1376.jpg,4,rolled-in_scale,
rolled-in_scale_1377.jpg,4,rolled-in_scale,
rolled-in_scale_1378.jpg,4,rolled-in_scale,
rolled-in_scale_1379.jpg,4,rolled-in_scale,
rolled-in_scale_1380.jpg,4,rolled-in_scale,
rolled-in_scale_1381.jpg,4,rolled-in_scale,
rolled-in_scale_1382.jpg,4,rolled-in_scale,
rolled-in_scale_1383.jpg,4,rolled-in_scale,
rolled-in_scale_1384.jpg,4,rolled-in_scale,
rolled-in_scale_1385.jpg,4,rolled-in_scale,
rolled-in_scale_1386.jpg,4,rolled-in_scale,
rolled-in_scale_1387.jpg,4,rolled-in_scale,
rolled-in_scale_1388.jpg,4,rolled-in_scale,
rolled-in_scale_1389.jpg,4,rolled-in_scale,
rolled-in_scale_1390.jpg,4,rolled-in_scale,
rolled-in_scale_1391.jpg,4,rolled-in_scale,
rolled-in_scale_1392.jpg,4,rolled-in_scale,
rolled-in_scale_1393.jpg,4,rolled-in_scale,
rolled-in_scale_1394.jpg,4,rolled-in_scale,
rolled-in_scale_1395.jpg,4,rolled-in_scale,
rolled-in_scale_1396.jpg,4,rolled-in_scale,
rolled-in_scale_1397.jpg,4,rolled-in_scale,
rolled-in_scale_1398.jpg,4,rolled-in_scale,
rolled-in_scale_1399.jpg,4,rolled-in_scale,
rolled-in_scale_1400.jpg,4,rolled-in_scale,
rolled-in_scale_1401.jpg,4,rolled-in_scale,
rolled-in_scale_1402.jpg,4,rolled-in_scale,
rolled-in_scale_1403.jpg,4,rolled-in_scale,
rolled-in_scale_1404.jpg,4,rolled-in_scale,
rolled-in_scale_1405.jpg,4,rolled-in_scale,
rolled-in_scale_1406.jpg,4,rolled-in_scale,
rolled-in_scale_1407.jpg,4,rolled-in_scale,
rolled-in_scale_1408.jpg,4,rolled-in_scale,
rolled-in_scale_1409.jpg,4,rolled-in_scale,
rolled-in_scale_1410.jpg,4,rolled-in_scale,
rolled-in_scale_1411.jpg,4,rolled-in_scale,
rolled-in_scale_1412.jpg,4,rolled-in_scale,
rolled-in_scale_1413.jpg,4,rolled-in_scale,
rolled-in_scale_1414.jpg,4,rolled-in_scale,
rolled-in_scale_1415.jpg,4,rolled-in_scale,
rolled-in_scale_1416.jpg,4,rolled-in_scale,
rolled-in_scale_1417.jpg,4,rolled-in_scale,
rolled-in_scale_1418.jpg,4,rolled-in_scale,
rolled-in_scale_1419.jpg,4,rolled-in_scale,
rolled-in_scale_1420.jpg,4,rolled-in_scale,
rolled-in_scale_1421.jpg,4,rolled-in_scale,
rolled-in_scale_1422.jpg,4,rolled-in_scale,
rolled-in_scale_1423.jpg,4,rolled-in_scale,
rolled-in_scale_1424.jpg,4,rolled-in_scale,
rolled-in_scale_1425.jpg,4,rolled-in_scale,
rolled-in_scale_1426.jpg,4,rolled-in_scale,
rolled-in_scale_1427.jpg,4,rolled-in_scale,
rolled-in_scale_1428.jpg,4,rolled-in_scale,
rolled-in_scale_1429.jpg,4,rolled-in_scale,
rolled-in_scale_1430.jpg,4,rolled-in_scale,
rolled-in_scale_1431.jpg,4,rolled-in_scale,
rolled-in_scale_1432.jpg,4,rolled-in_scale,
rolled-in_scale_1433.jpg,4,rolled-in_scale,
rolled-in_scale_1434.jpg,4,rolled-in_scale,
rolled-in_scale_1435.jpg,4,rolled-in_scale,
rolled-in_scale_1436.jpg,4,rolled-in_scale,
rolled-in_scale_1437.jpg,4,rolled-in_scale,
rolled-in_scale_1438.jpg,4,rolled-in_scale,
rolled-in_scale_1439.jpg,4,rolled-in_scale,
rolled-in_scale_1440.jpg,4,rolled-in_scale,
rolled-in_scale_1441.jpg,4,rolled-in_scale,
rolled-in_scale_1442.jpg,4,rolled-in_scale,
rolled-in_scale_1443.jpg,4,rolled-in_scale,
rolled-in_scale_1444.jpg,4,rolled-in_scale,
rolled-in_scale_1445.jpg,4,rolled-in_scale,
rolled-in_scale_1446.jpg,4,rolled-in_scale,
rolled-in_scale_1447.jpg,4,rolled-in_scale,
rolled-in_scale_1448.jpg,4,rolled-in_scale,
rolled-in_scale_1449.jpg,4,rolled-in_scale,
rolled-in_scale_1450.jpg,4,rolled-in_scale,
rolled-in_scale_1451.jpg,4,rolled-in_scale,
rolled-in_scale_1452.jpg,4,rolled-in_scale,
rolled-in_scale_1453.jpg,4,rolled-in_scale,
rolled-in_scale_1454.jpg,4,rolled-in_scale,
rolled-in_scale_1455.jpg,4,rolled-in_scale,
rolled-in_scale_1456.jpg,4,rolled-in_scale,
rolled-in_scale_1457.jpg,4,rolled-in_scale,
rolled-in_scale_1458.jpg,4,rolled-in_scale,
rolled-in_scale_1459.jpg,4,rolled-in_scale,
rolled-in_scale_1460.jpg,4,rolled-in_scale,
rolled-in_scale_1461.jpg,4,rolled-in_scale,
rolled-in_scale_1462.jpg,4,rolled-in_scale,
rolled-in_scale_1463.jpg,4,rolled-in_scale,
rolled-in_scale_1464.jpg,4,rolled-in_scale,
rolled-in_scale_1465.jpg,4,rolled-in_scale,
rolled-in_scale_1466.jpg,4,rolled-in_scale,
rolled-in_scale_1467.jpg,4,rolled-in_scale,
rolled-in_scale_1468.jpg,4,rolled-in_scale,
rolled-in_scale_1469.jpg,4,rolled-in_scale,
rolled-in_scale_1470.jpg,4,rolled-in_scale,
rolled-in_scale_1471.jpg,4,rolled-in_scale,
rolled-in_scale_1472.jpg,4,rolled-in_scale,
rolled-in_scale_1473.jpg,4,rolled-in_scale,
rolled-in_scale_1474.jpg,4,rolled-in_scale,
rolled-in_scale_1475.jpg,4,rolled-in_scale,
rolled-in_scale_1476.jpg,4,rolled-in_scale,
rolled-in_scale_1477.jpg,4,rolled-in_scale,
rolled-in_scale_1478.jpg,4,rolled-in_scale,
rolled-in_scale_1479.jpg,4,rolled-in_scale,
rolled-in_scale_1480.jpg,4,rolled-in_scale,
rolled-in_scale_1481.jpg,4,rolled-in_scale,
rolled-in_scale_1482.jpg,4,rolled-in_scale,
rolled-in_scale_1483.jpg,4,rolled-in_scale,
rolled-in_scale_1484.jpg,4,rolled-in_scale,
rolled-in_scale_1485.jpg,4,rolled-in_scale,
rolled-in_scale_1486.jpg,4,rolled-in_scale,
rolled-in_scale_1487.jpg,4,rolled-in_scale,
rolled-in_scale_1488.jpg,4,rolled-in_scale,
rolled-in_scale_1489.jpg,4,rolled-in_scale,
rolled-in_scale_1490.jpg,4,rolled-in_scale,
rolled-in_scale_1491.jpg,4,rolled-in_scale,
rolled-in_scale_1492.jpg,4,rolled-in_scale,
rolled-in_scale_1493.jpg,4,rolled-in_scale,
rolled-in_scale_1494.jpg,4,rolled-in_scale,
rolled-in_scale_1495.jpg,4,rolled-in_scale,
rolled-in_scale_1496.jpg,4,rolled-in_scale,
rolled-in_scale_1497.jpg,4,rolled-in_scale,
rolled-in_scale_1498.jpg,4,rolled-in_scale,
rolled-in_scale_1499.jpg,4,rolled-in_scale,
scratches_1500.jpg,5,scratches,
scratches_1501.jpg,5,scratches,
scratches_1502.jpg,5,scratches,
scratches_1503.jpg,5,scratches,
scratches_1504.jpg,5,scratches,
scratches_1505.jpg,5,scratches,
scratches_1506.jpg,5,scratches,
scratches_1507.jpg,5,scratches,
scratches_1508.jpg,5,scratches,
scratches_1509.jpg,5,scratches,
scratches_1510.jpg,5,scratches,
scratches_1511.jpg,5,scratches,
scratches_1512.jpg,5,scratches,
scratches_1513.jpg,5,scratches,
scratches_1514.jpg,5,scratches,
scratches_1515.jpg,5,scratches,
scratches_1516.jpg,5,scratches,
scratches_1517.jpg,5,scratches,
scratches_1518.jpg,5,scratches,
scratches_1519.jpg,5,scratches,
scratches_1520.jpg,5,scratches,
scratches_1521.jpg,5,scratches,
scratches_1522.jpg,5,scratches,
scratches_1523.jpg,5,scratches,
scratches_1524.jpg,5,scratches,
scratches_1525.jpg,5,scratches,
scratches_1526.jpg,5,scratches,
scratches_1527.jpg,5,scratches,
scratches_1528.jpg,5,scratches,
scratches_1529.jpg,5,scratches,
scratches_1530.jpg,5,scratches,
scratches_1531.jpg,5,scratches,
scratches_1532.jpg,5,scratches,
scratches_1533.jpg,5,scratches,
scratches_1534.jpg,5,scratches,
scratches_1535.jpg,5,scratches,
scratches_1536.jpg,5,scratches,
scratches_1537.jpg,5,scratches,
scratches_1538.jpg,5,scratches,
scratches_1539.jpg,5,scratches,
scratches_1540.jpg,5,scratches,
scratches_1541.jpg,5,scratches,
scratches_1542.jpg,5,scratches,
scratches_1543.jpg,5,scratches,
scratches_1544.jpg,5,scratches,
scratches_1545.jpg,5,scratches,
scratches_1546.jpg,5,scratches,
scratches_1547.jpg,5,scratches,
scratches_1548.jpg,5,scratches,
scratches_1549.jpg,5,scratches,
scratches_1550.jpg,5,scratches,
scratches_1551.jpg,5,scratches,
scratches_1552.jpg,5,scratches,
scratches_1553.jpg,5,scratches,
scratches_1554.jpg,5,scratches,
scratches_1555.jpg,5,scratches,
scratches_1556.jpg,5,scratches,
scratches_1557.jpg,5,scratches,
scratches_1558.jpg,5,scratches,
scratches_1559.jpg,5,scratches,
scratches_1560.jpg,5,scratches,
scratches_1561.jpg,5,scratches,
scratches_1562.jpg,5,scratches,
scratches_1563.jpg,5,scratches,
scratches_1564.jpg,5,scratches,
scratches_1565.jpg,5,scratches,
scratches_1566.jpg,5,scratches,
scratches_1567.jpg,5,scratches,
scratches_1568.jpg,5,scratches,
scratches_1569.jpg,5,scratches,
scratches_1570.jpg,5,scratches,
scratches_1571.jpg,5,scratches,
scratches_1572.jpg,5,scratches,
scratches_1573.jpg,5,scratches,
scratches_1574.jpg,5,scratches,
scratches_1575.jpg,5,scratches,
scratches_1576.jpg,5,scratches,
scratches_1577.jpg,5,scratches,
scratches_1578.jpg,5,scratches,
scratches_1579.jpg,5,scratches,
scratches_1580.jpg,5,scratches,
scratches_1581.jpg,5,scratches,
scratches_1582.jpg,5,scratches,
scratches_1583.jpg,5,scratches,
scratches_1584.jpg,5,scratches,
scratches_1585.jpg,5,scratches,
scratches_1586.jpg,5,scratches,
scratches_1587.jpg,5,scratches,
scratches_1588.jpg,5,scratches,
scratches_1589.jpg,5,scratches,
scratches_1590.jpg,5,scratches,
scratches_1591.jpg,5,scratches,
scratches_1592.jpg,5,scratches,
scratches_1593.jpg,5,scratches,
scratches_1594.jpg,5,scratches,
scratches_1595.jpg,5,scratches,
scratches_1596.jpg,5,scratches,
scratches_1597.jpg,5,scratches,
scratches_1598.jpg,5,scratches,
scratches_1599.jpg,5,scratches,
scratches_1600.jpg,5,scratches,
scratches_1601.jpg,5,scratches,
scratches_1602.jpg,5,scratches,
scratches_1603.jpg,5,scratches,
scratches_1604.jpg,5,scratches,
scratches_1605.jpg,5,scratches,
scratches_1606.jpg,5,scratches,
scratches_1607.jpg,5,scratches,
scratches_1608.jpg,5,scratches,
scratches_1609.jpg,5,scratches,
scratches_1610.jpg,5,scratches,
scratches_1611.jpg,5,scratches,
scratches_1612.jpg,5,scratches,
scratches_1613.jpg,5,scratches,
scratches_1614.jpg,5,scratches,
scratches_1615.jpg,5,scratches,
scratches_1616.jpg,5,scratches,
scratches_1617.jpg,5,scratches,
scratches_1618.jpg,5,scratches,
scratches_1619.jpg,5,scratches,
scratches_1620.jpg,5,scratches,
scratches_1621.jpg,5,scratches,
scratches_1622.jpg,5,scratches,
scratches_1623.jpg,5,scratches,
scratches_1624.jpg,5,scratches,
scratches_1625.jpg,5,scratches,
scratches_1626.jpg,5,scratches,
scratches_1627.jpg,5,scratches,
scratches_1628.jpg,5,scratches,
scratches_1629.jpg,5,scratches,
scratches_1630.jpg,5,scratches,
scratches_1631.jpg,5,scratches,
scratches_1632.jpg,5,scratches,
scratches_1633.jpg,5,scratches,
scratches_1634.jpg,5,scratches,
scratches_1635.jpg,5,scratches,
scratches_1636.jpg,5,scratches,
scratches_1637.jpg,5,scratches,
scratches_1638.jpg,5,scratches,
scratches_1639.jpg,5,scratches,
scratches_1640.jpg,5,scratches,
scratches_1641.jpg,5,scratches,
scratches_1642.jpg,5,scratches,
scratches_1643.jpg,5,scratches,
scratches_1644.jpg,5,scratches,
scratches_1645.jpg,5,scratches,
scratches_1646.jpg,5,scratches,
scratches_1647.jpg,5,scratches,
scratches_1648.jpg,5,scratches,
scratches_1649.jpg,5,scratches,
scratches_1650.jpg,5,scratches,
scratches_1651.jpg,5,scratches,
scratches_1652.jpg,5,scratches,
scratches_1653.jpg,5,scratches,
scratches_1654.jpg,5,scratches,
scratches_1655.jpg,5,scratches,
scratches_1656.jpg,5,scratches,
scratches_1657.jpg,5,scratches,
scratches_1658.jpg,5,scratches,
scratches_1659.jpg,5,scratches,
scratches_1660.jpg,5,scratches,
scratches_1661.jpg,5,scratches,
scratches_1662.jpg,5,scratches,
scratches_1663.jpg,5,scratches,
scratches_1664.jpg,5,scratches,
scratches_1665.jpg,5,scratches,
scratches_1666.jpg,5,scratches,
scratches_1667.jpg,5,scratches,
scratches_1668.jpg,5,scratches,
scratches_1669.jpg,5,scratches,
scratches_1670.jpg,5,scratches,
scratches_1671.jpg,5,scratches,
scratches_1672.jpg,5,scratches,
scratches_1673.jpg,5,scratches,
scratches_1674.jpg,5,scratches,
scratches_1675.jpg,5,scratches,
scratches_1676.jpg,5,scratches,
scratches_1677.jpg,5,scratches,
scratches_1678.jpg,5,scratches,
scratches_1679.jpg,5,scratches,
scratches_1680.jpg,5,scratches,
scratches_1681.jpg,5,scratches,
scratches_1682.jpg,5,scratches,
scratches_1683.jpg,5,scratches,
scratches_1684.jpg,5,scratches,
scratches_1685.jpg,5,scratches,
scratches_1686.jpg,5,scratches,
scratches_1687.jpg,5,scratches,
scratches_1688.jpg,5,scratches,
scratches_1689.jpg,5,scratches,
scratches_1690.jpg,5,scratches,
scratches_1691.jpg,5,scratches,
scratches_1692.jpg,5,scratches,
scratches_1693.jpg,5,scratches,
scratches_1694.jpg,5,scratches,
scratches_1695.jpg,5,scratches,
scratches_1696.jpg,5,scratches,
scratches_1697.jpg,5,scratches,
scratches_1698.jpg,5,scratches,
scratches_1699.jpg,5,scratches,
scratches_1700.jpg,5,scratches,
scratches_1701.jpg,5,scratches,
scratches_1702.jpg,5,scratches,
scratches_1703.jpg,5,scratches,
scratches_1704.jpg,5,scratches,
scratches_1705.jpg,5,scratches,
scratches_1706.jpg,5,scratches,
scratches_1707.jpg,5,scratches,
scratches_1708.jpg,5,scratches,
scratches_1709.jpg,5,scratches,
scratches_1710.jpg,5,scratches,
scratches_1711.jpg,5,scratches,
scratches_1712.jpg,5,scratches,
scratches_1713.jpg,5,scratches,
scratches_1714.jpg,5,scratches,
scratches_1715.jpg,5,scratches,
scratches_1716.jpg,5,scratches,
scratches_1717.jpg,5,scratches,
scratches_1718.jpg,5,scratches,
scratches_1719.jpg,5,scratches,
scratches_1720.jpg,5,scratches,
scratches_1721.jpg,5,scratches,
scratches_1722.jpg,5,scratches,
scratches_1723.jpg,5,scratches,
scratches_1724.jpg,5,scratches,
scratches_1725.jpg,5,scratches,
scratches_1726.jpg,5,scratches,
scratches_1727.jpg,5,scratches,
scratches_1728.jpg,5,scratches,
scratches_1729.jpg,5,scratches,
scratches_1730.jpg,5,scratches,
scratches_1731.jpg,5,scratches,
scratches_1732.jpg,5,scratches,
scratches_1733.jpg,5,scratches,
scratches_1734.jpg,5,scratches,
scratches_1735.jpg,5,scratches,
scratches_1736.jpg,5,scratches,
scratches_1737.jpg,5,scratches,
scratches_1738.jpg,5,scratches,
scratches_1739.jpg,5,scratches,
scratches_1740.jpg,5,scratches,
scratches_1741.jpg,5,scratches,
scratches_1742.jpg,5,scratches,
scratches_1743.jpg,5,scratches,
scratches_1744.jpg,5,scratches,
scratches_1745.jpg,5,scratches,
scratches_1746.jpg,5,scratches,
scratches_1747.jpg,5,scratches,
scratches_1748.jpg,5,scratches,
scratches_1749.jpg,5,scratches,
scratches_1750.jpg,5,scratches,
scratches_1751.jpg,5,scratches,
scratches_1752.jpg,5,scratches,
scratches_1753.jpg,5,scratches,
scratches_1754.jpg,5,scratches,
scratches_1755.jpg,5,scratches,
scratches_1756.jpg,5,scratches,
scratches_1757.jpg,5,scratches,
scratches_1758.jpg,5,scratches,
scratches_1759.jpg,5,scratches,
scratches_1760.jpg,5,scratches,
scratches_1761.jpg,5,scratches,
scratches_1762.jpg,5,scratches,
scratches_1763.jpg,5,scratches,
scratches_1764.jpg,5,scratches,
scratches_1765.jpg,5,scratches,
scratches_1766.jpg,5,scratches,
scratches_1767.jpg,5,scratches,
scratches_1768.jpg,5,scratches,
scratches_1769.jpg,5,scratches,
scratches_1770.jpg,5,scratches,
scratches_1771.jpg,5,scratches,
scratches_1772.jpg,5,scratches,
scratches_1773.jpg,5,scratches,
scratches_1774.jpg,5,scratches,
scratches_1775.jpg,5,scratches,
scratches_1776.jpg,5,scratches,
scratches_1777.jpg,5,scratches,
scratches_1778.jpg,5,scratches,
scratches_1779.jpg,5,scratches,
scratches_1780.jpg,5,scratches,
scratches_1781.jpg,5,scratches,
scratches_1782.jpg,5,scratches,
scratches_1783.jpg,5,scratches,
scratches_1784.jpg,5,scratches,
scratches_1785.jpg,5,scratches,
scratches_1786.jpg,5,scratches,
scratches_1787.jpg,5,scratches,
scratches_1788.jpg,5,scratches,
scratches_1789.jpg,5,scratches,
scratches_1790.jpg,5,scratches,
scratches_1791.jpg,5,scratches,
scratches_1792.jpg,5,scratches,
scratches_1793.jpg,5,scratches,
scratches_1794.jpg,5,scratches,
scratches_1795.jpg,5,scratches,
scratches_1796.jpg,5,scratches,
scratches_1797.jpg,5,scratches,
scratches_1798.jpg,5,scratches,
scratches_1799.jpg,5,scratches,
